applicant_id,score
"1","1.59"
"2","0.8"
"3","4.61"
"4","0.5"
"5","3.19"
"6","2.32"
"7","0.49"
"8","0.32"
"9","6.89"
"10","7.74"
"11","8.65"
"12","8.22"
"13","6.61"
"14","0.09"
"15","8.78"
"16","4.77"
"17","4.25"
"18","2.52"
"19","7.85"
"20","6.22"
"21","7.07"
"22","9.21"
"23","9.86"
"24","6.67"
"25","4.2"
"26","0.06"
"27","1.73"
"28","9.88"
"29","5.13"
"30","1.45"
"31","2.66"
"32","4.86"
"33","9.64"
"34","9.05"
"35","2.03"
"36","7.65"
"37","1.21"
"38","5.18"
"39","0.95"
"40","0.31"
"41","4.55"
"42","6.08"
"43","7.69"
"44","4.99"
"45","2.99"
"46","6.35"
"47","8.03"
"48","3.8"
"49","5.68"
"50","4.09"
"51","5.94"
"52","3.84"
"53","0.08"
"54","1.89"
"55","6.64"
"56","3.59"
"57","7.62"
"58","6.3"
"59","6.12"
"60","3.87"
"61","2.21"
"62","1.4"
"63","9.81"
"64","3.15"
"65","3.02"
"66","3.19"
"67","0.49"
"68","8.89"
"69","8.8"
"70","8.96"
"71","2.33"
"72","5.25"
"73","4.04"
"74","3.72"
"75","7.89"
"76","7.65"
"77","1.99"
"78","8.36"
"79","3.87"
"80","2.59"
"81","9.78"
"82","4.42"
"83","6.68"
"84","1.36"
"85","5.33"
"86","5.08"
"87","1.39"
"88","6.84"
"89","0.88"
"90","0.37"
"91","2.37"
"92","1.5"
"93","7.54"
"94","5.83"
"95","3.36"
"96","3.81"
"97","2.52"
"98","3.28"
"99","4.22"
"100","3.29"
"101","8.78"
"102","2.5"
"103","0.54"
"104","5.53"
"105","1.16"
"106","8.68"
"107","8.13"
"108","1.56"
"109","8.91"
"110","1.68"
"111","3.39"
"112","0.09"
"113","6.54"
"114","8.64"
"115","6.27"
"116","5.86"
"117","9.12"
"118","3.71"
"119","0.84"
"120","6.79"
"121","2.41"
"122","8.48"
"123","9.38"
"124","0.82"
"125","2.32"
"126","2.72"
"127","0.41"
"128","6.29"
"129","8.77"
"130","1.63"
"131","0.11"
"132","5.19"
"133","6.24"
"134","7.88"
"135","8.26"
"136","9.57"
"137","1.3"
"138","7.87"
"139","8.26"
"140","1.38"
"141","7.21"
"142","6.63"
"143","5.14"
"144","8.95"
"145","6.77"
"146","5.81"
"147","4.07"
"148","8.59"
"149","2.91"
"150","8.64"
"151","5.5"
"152","6.39"
"153","8.27"
"154","0.88"
"155","4.39"
"156","5.07"
"157","6.52"
"158","6.0"
"159","7.28"
"160","4.03"
"161","5.15"
"162","4.09"
"163","9.24"
"164","4.52"
"165","6.48"
"166","9.2"
"167","9.85"
"168","1.51"
"169","3.33"
"170","6.09"
"171","2.61"
"172","0.06"
"173","2.03"
"174","1.12"
"175","5.21"
"176","7.45"
"177","5.36"
"178","8.43"
"179","1.66"
"180","9.75"
"181","6.19"
"182","5.93"
"183","8.77"
"184","1.71"
"185","7.07"
"186","4.06"
"187","0.04"
"188","4.44"
"189","1.51"
"190","9.09"
"191","2.95"
"192","7.88"
"193","8.82"
"194","5.7"
"195","2.04"
"196","6.71"
"197","4.55"
"198","2.11"
"199","5.32"
"200","1.47"
"201","5.95"
"202","0.58"
"203","4.14"
"204","6.52"
"205","3.27"
"206","5.01"
"207","1.86"
"208","0.59"
"209","8.14"
"210","2.22"
"211","3.83"
"212","3.99"
"213","2.16"
"214","9.58"
"215","5.52"
"216","3.95"
"217","1.53"
"218","7.85"
"219","8.72"
"220","1.56"
"221","8.75"
"222","7.45"
"223","9.0"
"224","1.37"
"225","4.68"
"226","6.51"
"227","8.2"
"228","2.55"
"229","0.35"
"230","5.71"
"231","3.55"
"232","1.46"
"233","9.2"
"234","4.28"
"235","1.53"
"236","8.02"
"237","7.19"
"238","5.93"
"239","0.46"
"240","0.9"
"241","2.02"
"242","7.06"
"243","8.25"
"244","1.26"
"245","1.11"
"246","6.88"
"247","1.76"
"248","3.72"
"249","0.86"
"250","7.95"
"251","3.13"
"252","9.72"
"253","2.35"
"254","3.83"
"255","4.54"
"256","0.15"
"257","6.9"
"258","8.16"
"259","8.54"
"260","2.49"
"261","4.8"
"262","1.29"
"263","3.2"
"264","3.32"
"265","4.54"
"266","5.25"
"267","4.36"
"268","9.8"
"269","2.33"
"270","2.46"
"271","6.29"
"272","3.05"
"273","5.89"
"274","0.07"
"275","4.18"
"276","7.77"
"277","8.18"
"278","4.64"
"279","6.25"
"280","1.56"
"281","2.41"
"282","9.92"
"283","0.7"
"284","5.81"
"285","0.45"
"286","8.97"
"287","7.87"
"288","7.32"
"289","5.99"
"290","1.33"
"291","6.15"
"292","9.87"
"293","3.91"
"294","9.56"
"295","2.92"
"296","1.99"
"297","1.44"
"298","8.48"
"299","0.55"
"300","1.88"
"301","5.25"
"302","9.21"
"303","7.92"
"304","8.05"
"305","9.14"
"306","7.61"
"307","9.26"
"308","4.81"
"309","4.76"
"310","0.94"
"311","5.95"
"312","9.0"
"313","2.52"
"314","4.81"
"315","3.87"
"316","2.0"
"317","2.72"
"318","7.8"
"319","6.79"
"320","4.09"
"321","2.65"
"322","3.03"
"323","4.67"
"324","6.37"
"325","9.83"
"326","4.76"
"327","3.47"
"328","7.08"
"329","5.99"
"330","7.06"
"331","5.79"
"332","2.31"
"333","1.96"
"334","0.15"
"335","0.44"
"336","5.47"
"337","3.84"
"338","5.6"
"339","8.14"
"340","0.76"
"341","7.8"
"342","4.23"
"343","6.71"
"344","5.85"
"345","8.66"
"346","1.72"
"347","6.36"
"348","7.88"
"349","7.18"
"350","1.49"
"351","8.86"
"352","3.09"
"353","9.49"
"354","2.86"
"355","5.95"
"356","7.06"
"357","4.25"
"358","2.41"
"359","5.97"
"360","9.21"
"361","9.5"
"362","5.6"
"363","8.91"
"364","5.93"
"365","3.85"
"366","8.16"
"367","5.56"
"368","0.62"
"369","1.88"
"370","5.81"
"371","7.76"
"372","3.13"
"373","6.54"
"374","6.91"
"375","6.98"
"376","7.28"
"377","9.19"
"378","9.76"
"379","3.43"
"380","3.68"
"381","0.92"
"382","0.48"
"383","9.24"
"384","4.12"
"385","4.25"
"386","7.01"
"387","7.79"
"388","8.94"
"389","1.23"
"390","9.63"
"391","0.89"
"392","6.52"
"393","9.89"
"394","1.73"
"395","0.15"
"396","0.7"
"397","2.18"
"398","8.37"
"399","2.55"
"400","8.68"
"401","3.08"
"402","4.98"
"403","2.61"
"404","4.78"
"405","9.91"
"406","1.5"
"407","2.57"
"408","6.9"
"409","5.78"
"410","1.36"
"411","2.97"
"412","1.12"
"413","1.0"
"414","2.18"
"415","9.1"
"416","8.75"
"417","7.78"
"418","2.25"
"419","2.36"
"420","6.81"
"421","0.77"
"422","1.66"
"423","7.12"
"424","8.42"
"425","0.67"
"426","0.7"
"427","4.41"
"428","7.43"
"429","4.39"
"430","0.76"
"431","6.7"
"432","0.09"
"433","9.04"
"434","0.06"
"435","7.42"
"436","1.97"
"437","4.88"
"438","0.46"
"439","7.5"
"440","8.2"
"441","0.96"
"442","7.06"
"443","9.08"
"444","5.23"
"445","3.64"
"446","8.03"
"447","4.0"
"448","9.53"
"449","9.05"
"450","7.33"
"451","9.33"
"452","3.55"
"453","5.55"
"454","1.32"
"455","1.63"
"456","1.13"
"457","7.59"
"458","5.7"
"459","2.18"
"460","2.68"
"461","3.6"
"462","6.11"
"463","9.06"
"464","4.9"
"465","5.86"
"466","4.35"
"467","2.06"
"468","8.78"
"469","4.66"
"470","4.02"
"471","7.96"
"472","9.99"
"473","3.53"
"474","6.27"
"475","0.4"
"476","9.16"
"477","2.58"
"478","5.01"
"479","8.23"
"480","6.91"
"481","6.82"
"482","0.39"
"483","5.23"
"484","1.08"
"485","10.0"
"486","4.63"
"487","2.97"
"488","6.65"
"489","4.65"
"490","0.59"
"491","0.55"
"492","8.85"
"493","9.56"
"494","7.37"
"495","7.47"
"496","4.21"
"497","5.52"
"498","5.7"
"499","5.99"
"500","1.52"
"501","4.87"
"502","1.64"
"503","3.95"
"504","1.74"
"505","7.34"
"506","1.11"
"507","1.79"
"508","0.48"
"509","5.72"
"510","7.62"
"511","3.6"
"512","5.97"
"513","8.0"
"514","6.91"
"515","9.38"
"516","9.21"
"517","8.07"
"518","7.64"
"519","0.51"
"520","7.18"
"521","9.09"
"522","6.52"
"523","4.93"
"524","5.48"
"525","5.45"
"526","7.16"
"527","8.28"
"528","3.87"
"529","3.85"
"530","1.06"
"531","6.89"
"532","7.13"
"533","1.12"
"534","4.61"
"535","7.64"
"536","1.81"
"537","6.78"
"538","1.28"
"539","6.93"
"540","6.91"
"541","4.59"
"542","9.64"
"543","6.46"
"544","0.32"
"545","2.89"
"546","5.47"
"547","3.37"
"548","3.39"
"549","5.62"
"550","4.7"
"551","5.81"
"552","1.75"
"553","5.79"
"554","4.75"
"555","4.87"
"556","7.3"
"557","7.22"
"558","0.58"
"559","7.27"
"560","8.17"
"561","9.47"
"562","2.19"
"563","8.7"
"564","9.5"
"565","7.9"
"566","1.82"
"567","9.64"
"568","3.78"
"569","4.88"
"570","6.38"
"571","4.15"
"572","5.84"
"573","4.06"
"574","3.43"
"575","9.42"
"576","5.32"
"577","3.44"
"578","0.88"
"579","4.91"
"580","7.18"
"581","1.86"
"582","5.18"
"583","1.24"
"584","1.11"
"585","2.88"
"586","0.52"
"587","7.76"
"588","5.61"
"589","0.95"
"590","9.39"
"591","2.55"
"592","3.92"
"593","3.33"
"594","1.34"
"595","3.19"
"596","5.14"
"597","1.27"
"598","7.45"
"599","2.42"
"600","7.67"
"601","9.97"
"602","1.5"
"603","5.5"
"604","4.18"
"605","1.12"
"606","4.4"
"607","1.7"
"608","8.03"
"609","4.01"
"610","0.38"
"611","6.62"
"612","8.45"
"613","0.17"
"614","4.78"
"615","0.9"
"616","8.7"
"617","9.39"
"618","7.86"
"619","8.72"
"620","4.83"
"621","3.33"
"622","2.58"
"623","0.13"
"624","2.8"
"625","7.86"
"626","9.93"
"627","8.56"
"628","1.87"
"629","0.3"
"630","2.88"
"631","7.56"
"632","5.45"
"633","2.41"
"634","1.62"
"635","2.2"
"636","0.09"
"637","1.92"
"638","8.47"
"639","5.65"
"640","5.58"
"641","8.83"
"642","1.25"
"643","0.13"
"644","1.72"
"645","9.05"
"646","3.65"
"647","4.41"
"648","7.93"
"649","3.98"
"650","2.88"
"651","3.35"
"652","1.14"
"653","8.5"
"654","5.52"
"655","1.34"
"656","0.63"
"657","6.13"
"658","8.61"
"659","3.87"
"660","8.76"
"661","9.37"
"662","0.39"
"663","8.32"
"664","8.89"
"665","3.27"
"666","6.41"
"667","6.32"
"668","3.2"
"669","4.18"
"670","8.37"
"671","8.94"
"672","8.51"
"673","3.98"
"674","5.19"
"675","4.21"
"676","0.89"
"677","5.6"
"678","0.62"
"679","8.46"
"680","2.93"
"681","1.21"
"682","3.6"
"683","0.22"
"684","6.36"
"685","4.51"
"686","1.51"
"687","1.17"
"688","6.33"
"689","4.33"
"690","5.2"
"691","6.88"
"692","4.79"
"693","0.75"
"694","5.92"
"695","0.78"
"696","8.41"
"697","4.65"
"698","8.94"
"699","7.71"
"700","7.89"
"701","4.36"
"702","1.96"
"703","4.94"
"704","9.28"
"705","8.36"
"706","7.9"
"707","8.02"
"708","4.95"
"709","7.63"
"710","1.38"
"711","9.7"
"712","6.58"
"713","8.16"
"714","2.69"
"715","3.66"
"716","4.71"
"717","0.2"
"718","0.4"
"719","7.78"
"720","5.94"
"721","7.73"
"722","2.5"
"723","4.63"
"724","3.07"
"725","3.92"
"726","8.46"
"727","7.12"
"728","2.72"
"729","8.08"
"730","9.87"
"731","3.76"
"732","1.58"
"733","8.12"
"734","4.81"
"735","3.83"
"736","0.97"
"737","6.37"
"738","6.11"
"739","3.71"
"740","0.52"
"741","0.1"
"742","1.05"
"743","1.4"
"744","2.51"
"745","4.24"
"746","5.49"
"747","1.08"
"748","9.43"
"749","5.7"
"750","3.23"
"751","9.22"
"752","9.93"
"753","5.85"
"754","6.15"
"755","9.16"
"756","8.26"
"757","3.0"
"758","5.86"
"759","5.39"
"760","3.25"
"761","8.41"
"762","4.64"
"763","4.7"
"764","6.73"
"765","1.35"
"766","5.88"
"767","2.45"
"768","8.84"
"769","9.11"
"770","1.77"
"771","4.59"
"772","6.46"
"773","2.76"
"774","5.64"
"775","4.18"
"776","2.5"
"777","1.77"
"778","1.19"
"779","9.83"
"780","8.31"
"781","1.62"
"782","1.24"
"783","5.27"
"784","4.24"
"785","7.63"
"786","1.58"
"787","0.95"
"788","4.8"
"789","8.53"
"790","9.8"
"791","9.48"
"792","5.62"
"793","7.43"
"794","7.26"
"795","7.34"
"796","2.52"
"797","9.99"
"798","4.19"
"799","4.78"
"800","2.08"
"801","7.34"
"802","5.42"
"803","6.59"
"804","9.57"
"805","1.2"
"806","7.69"
"807","5.23"
"808","8.74"
"809","5.54"
"810","8.14"
"811","3.66"
"812","5.46"
"813","0.2"
"814","9.68"
"815","7.13"
"816","3.4"
"817","1.38"
"818","8.09"
"819","6.3"
"820","3.46"
"821","6.96"
"822","5.51"
"823","3.28"
"824","9.72"
"825","8.73"
"826","5.25"
"827","0.23"
"828","7.13"
"829","3.19"
"830","6.54"
"831","4.5"
"832","9.9"
"833","0.25"
"834","3.92"
"835","1.44"
"836","5.79"
"837","1.98"
"838","7.72"
"839","1.96"
"840","1.01"
"841","1.06"
"842","6.61"
"843","6.6"
"844","4.81"
"845","1.86"
"846","9.1"
"847","1.68"
"848","4.02"
"849","6.49"
"850","1.11"
"851","9.6"
"852","3.29"
"853","0.55"
"854","1.38"
"855","2.8"
"856","4.93"
"857","6.64"
"858","9.6"
"859","2.83"
"860","9.99"
"861","6.03"
"862","7.14"
"863","9.18"
"864","6.1"
"865","7.69"
"866","3.9"
"867","0.24"
"868","0.45"
"869","8.78"
"870","5.41"
"871","5.1"
"872","0.79"
"873","4.47"
"874","9.02"
"875","1.41"
"876","5.76"
"877","1.99"
"878","8.52"
"879","6.48"
"880","0.14"
"881","2.45"
"882","0.85"
"883","5.25"
"884","0.51"
"885","1.86"
"886","1.71"
"887","1.43"
"888","2.0"
"889","4.66"
"890","3.22"
"891","0.01"
"892","9.36"
"893","7.93"
"894","9.18"
"895","9.62"
"896","0.21"
"897","8.27"
"898","0.56"
"899","5.84"
"900","9.32"
"901","7.41"
"902","1.42"
"903","2.96"
"904","8.47"
"905","3.51"
"906","0.62"
"907","7.34"
"908","1.78"
"909","8.44"
"910","8.03"
"911","5.33"
"912","4.45"
"913","6.2"
"914","1.43"
"915","7.34"
"916","1.21"
"917","1.36"
"918","4.51"
"919","3.74"
"920","1.35"
"921","0.25"
"922","1.56"
"923","8.72"
"924","5.32"
"925","7.5"
"926","0.22"
"927","2.01"
"928","3.7"
"929","5.66"
"930","7.94"
"931","4.02"
"932","6.09"
"933","5.18"
"934","3.2"
"935","2.28"
"936","5.66"
"937","6.81"
"938","7.51"
"939","8.11"
"940","6.59"
"941","9.98"
"942","9.46"
"943","8.68"
"944","0.36"
"945","2.67"
"946","2.18"
"947","5.25"
"948","4.18"
"949","0.67"
"950","3.91"
"951","9.0"
"952","0.94"
"953","0.51"
"954","8.47"
"955","1.24"
"956","5.65"
"957","5.37"
"958","3.4"
"959","1.78"
"960","6.54"
"961","4.76"
"962","7.56"
"963","5.87"
"964","3.07"
"965","4.01"
"966","4.24"
"967","2.78"
"968","8.7"
"969","1.05"
"970","5.61"
"971","0.48"
"972","6.87"
"973","8.18"
"974","5.57"
"975","7.45"
"976","0.85"
"977","6.01"
"978","3.96"
"979","4.53"
"980","4.41"
"981","5.01"
"982","0.67"
"983","9.67"
"984","8.89"
"985","6.92"
"986","8.18"
"987","0.15"
"988","4.24"
"989","2.76"
"990","8.17"
"991","3.37"
"992","10.0"
"993","1.97"
"994","9.29"
"995","4.34"
"996","6.94"
"997","9.45"
"998","8.02"
"999","2.76"
"1000","9.32"
"1001","5.92"
"1002","1.49"
"1003","1.83"
"1004","3.36"
"1005","5.61"
"1006","2.79"
"1007","1.98"
"1008","4.89"
"1009","9.03"
"1010","5.88"
"1011","1.06"
"1012","6.88"
"1013","4.43"
"1014","1.07"
"1015","4.11"
"1016","7.16"
"1017","5.44"
"1018","8.66"
"1019","4.48"
"1020","6.98"
"1021","3.57"
"1022","0.16"
"1023","5.88"
"1024","8.32"
"1025","9.59"
"1026","4.89"
"1027","1.24"
"1028","7.5"
"1029","0.37"
"1030","4.36"
"1031","6.75"
"1032","1.29"
"1033","4.49"
"1034","6.63"
"1035","1.68"
"1036","0.83"
"1037","1.53"
"1038","2.76"
"1039","7.66"
"1040","9.44"
"1041","1.69"
"1042","3.39"
"1043","8.72"
"1044","4.84"
"1045","4.12"
"1046","7.97"
"1047","9.93"
"1048","3.57"
"1049","3.44"
"1050","5.3"
"1051","9.89"
"1052","8.58"
"1053","6.18"
"1054","1.08"
"1055","6.5"
"1056","5.5"
"1057","8.79"
"1058","0.87"
"1059","7.41"
"1060","2.95"
"1061","0.28"
"1062","0.26"
"1063","8.84"
"1064","2.01"
"1065","9.04"
"1066","1.85"
"1067","1.75"
"1068","1.83"
"1069","9.18"
"1070","2.81"
"1071","6.83"
"1072","5.47"
"1073","0.08"
"1074","0.1"
"1075","6.1"
"1076","1.06"
"1077","4.98"
"1078","3.31"
"1079","9.06"
"1080","8.18"
"1081","3.89"
"1082","2.08"
"1083","5.52"
"1084","7.76"
"1085","2.91"
"1086","7.02"
"1087","7.61"
"1088","2.07"
"1089","5.18"
"1090","4.37"
"1091","2.87"
"1092","6.62"
"1093","6.65"
"1094","3.72"
"1095","5.04"
"1096","7.81"
"1097","6.22"
"1098","5.44"
"1099","0.02"
"1100","4.41"
"1101","4.75"
"1102","5.96"
"1103","1.03"
"1104","9.38"
"1105","5.0"
"1106","1.61"
"1107","0.33"
"1108","6.93"
"1109","4.66"
"1110","9.93"
"1111","2.38"
"1112","4.6"
"1113","8.61"
"1114","9.61"
"1115","8.41"
"1116","6.09"
"1117","2.34"
"1118","1.34"
"1119","8.25"
"1120","7.29"
"1121","4.32"
"1122","0.47"
"1123","7.38"
"1124","8.39"
"1125","9.87"
"1126","5.35"
"1127","3.85"
"1128","1.71"
"1129","4.69"
"1130","8.25"
"1131","9.18"
"1132","7.47"
"1133","1.71"
"1134","8.56"
"1135","4.9"
"1136","2.45"
"1137","3.06"
"1138","8.27"
"1139","6.23"
"1140","9.53"
"1141","4.68"
"1142","4.01"
"1143","5.4"
"1144","9.44"
"1145","9.87"
"1146","0.33"
"1147","4.09"
"1148","4.91"
"1149","1.16"
"1150","3.3"
"1151","8.63"
"1152","5.05"
"1153","3.79"
"1154","1.77"
"1155","1.3"
"1156","5.57"
"1157","1.49"
"1158","5.57"
"1159","1.2"
"1160","5.9"
"1161","9.8"
"1162","6.69"
"1163","2.06"
"1164","5.73"
"1165","3.96"
"1166","1.78"
"1167","3.53"
"1168","1.28"
"1169","9.28"
"1170","2.22"
"1171","3.63"
"1172","5.74"
"1173","5.39"
"1174","9.95"
"1175","0.49"
"1176","6.38"
"1177","5.96"
"1178","0.97"
"1179","6.49"
"1180","6.41"
"1181","8.75"
"1182","2.69"
"1183","9.73"
"1184","6.32"
"1185","0.75"
"1186","5.37"
"1187","8.26"
"1188","5.82"
"1189","1.79"
"1190","9.16"
"1191","7.01"
"1192","0.12"
"1193","0.46"
"1194","4.39"
"1195","9.1"
"1196","1.05"
"1197","2.02"
"1198","6.76"
"1199","9.48"
"1200","8.79"
"1201","4.81"
"1202","8.53"
"1203","7.85"
"1204","7.5"
"1205","0.29"
"1206","0.94"
"1207","2.83"
"1208","2.82"
"1209","9.31"
"1210","2.82"
"1211","3.46"
"1212","8.33"
"1213","6.69"
"1214","1.99"
"1215","3.51"
"1216","2.9"
"1217","6.14"
"1218","0.23"
"1219","7.98"
"1220","6.89"
"1221","5.59"
"1222","8.83"
"1223","5.88"
"1224","1.33"
"1225","8.75"
"1226","8.04"
"1227","4.45"
"1228","1.26"
"1229","7.77"
"1230","8.44"
"1231","5.4"
"1232","0.79"
"1233","9.33"
"1234","6.68"
"1235","6.28"
"1236","1.97"
"1237","3.38"
"1238","6.4"
"1239","6.91"
"1240","0.54"
"1241","8.24"
"1242","6.96"
"1243","9.53"
"1244","2.25"
"1245","3.33"
"1246","6.82"
"1247","9.79"
"1248","6.93"
"1249","8.46"
"1250","4.19"
"1251","7.24"
"1252","1.01"
"1253","0.7"
"1254","2.82"
"1255","4.78"
"1256","1.83"
"1257","5.14"
"1258","7.48"
"1259","2.3"
"1260","9.88"
"1261","0.99"
"1262","7.12"
"1263","9.9"
"1264","9.6"
"1265","8.79"
"1266","2.13"
"1267","8.33"
"1268","3.26"
"1269","8.26"
"1270","3.04"
"1271","3.07"
"1272","5.33"
"1273","2.61"
"1274","8.53"
"1275","5.08"
"1276","1.88"
"1277","6.71"
"1278","0.22"
"1279","8.94"
"1280","6.39"
"1281","5.84"
"1282","6.17"
"1283","8.05"
"1284","5.8"
"1285","4.53"
"1286","0.33"
"1287","1.59"
"1288","3.0"
"1289","9.5"
"1290","7.74"
"1291","2.45"
"1292","5.77"
"1293","0.56"
"1294","1.29"
"1295","7.19"
"1296","4.71"
"1297","0.91"
"1298","7.82"
"1299","7.53"
"1300","3.48"
"1301","8.87"
"1302","2.27"
"1303","2.75"
"1304","9.23"
"1305","3.31"
"1306","2.94"
"1307","4.43"
"1308","8.88"
"1309","5.34"
"1310","8.53"
"1311","7.67"
"1312","9.01"
"1313","7.65"
"1314","8.53"
"1315","7.58"
"1316","8.84"
"1317","4.77"
"1318","2.5"
"1319","8.65"
"1320","6.86"
"1321","6.1"
"1322","1.37"
"1323","5.01"
"1324","6.22"
"1325","5.94"
"1326","4.77"
"1327","9.56"
"1328","4.03"
"1329","4.66"
"1330","5.5"
"1331","6.17"
"1332","1.08"
"1333","4.53"
"1334","2.97"
"1335","8.55"
"1336","0.81"
"1337","4.74"
"1338","1.59"
"1339","9.72"
"1340","2.09"
"1341","3.54"
"1342","7.74"
"1343","0.34"
"1344","3.52"
"1345","6.18"
"1346","9.6"
"1347","9.15"
"1348","2.25"
"1349","8.83"
"1350","4.34"
"1351","5.1"
"1352","1.02"
"1353","8.08"
"1354","9.47"
"1355","8.44"
"1356","8.0"
"1357","6.2"
"1358","5.64"
"1359","7.05"
"1360","5.11"
"1361","1.32"
"1362","5.84"
"1363","0.34"
"1364","6.1"
"1365","5.0"
"1366","0.14"
"1367","2.45"
"1368","4.38"
"1369","3.12"
"1370","3.65"
"1371","5.26"
"1372","2.54"
"1373","3.63"
"1374","6.05"
"1375","9.09"
"1376","6.58"
"1377","4.76"
"1378","5.01"
"1379","9.79"
"1380","8.43"
"1381","4.47"
"1382","3.61"
"1383","1.19"
"1384","4.0"
"1385","7.62"
"1386","1.87"
"1387","8.01"
"1388","4.07"
"1389","3.72"
"1390","9.51"
"1391","4.32"
"1392","7.86"
"1393","2.81"
"1394","3.1"
"1395","4.58"
"1396","4.42"
"1397","0.31"
"1398","5.88"
"1399","3.82"
"1400","5.62"
"1401","6.5"
"1402","5.87"
"1403","1.07"
"1404","8.31"
"1405","1.57"
"1406","0.78"
"1407","2.45"
"1408","9.03"
"1409","9.23"
"1410","6.56"
"1411","4.58"
"1412","2.47"
"1413","7.96"
"1414","8.74"
"1415","9.37"
"1416","4.01"
"1417","5.15"
"1418","1.15"
"1419","4.14"
"1420","9.67"
"1421","3.28"
"1422","3.41"
"1423","5.88"
"1424","3.3"
"1425","7.31"
"1426","5.84"
"1427","0.5"
"1428","2.05"
"1429","7.11"
"1430","8.39"
"1431","1.66"
"1432","3.18"
"1433","4.96"
"1434","0.78"
"1435","1.72"
"1436","6.01"
"1437","5.06"
"1438","5.41"
"1439","3.31"
"1440","8.01"
"1441","4.27"
"1442","6.19"
"1443","9.92"
"1444","0.89"
"1445","3.23"
"1446","9.8"
"1447","9.99"
"1448","6.25"
"1449","3.67"
"1450","4.11"
"1451","4.74"
"1452","7.81"
"1453","5.72"
"1454","4.5"
"1455","3.56"
"1456","8.23"
"1457","5.42"
"1458","0.17"
"1459","4.9"
"1460","9.42"
"1461","2.9"
"1462","2.44"
"1463","0.05"
"1464","3.09"
"1465","4.7"
"1466","9.97"
"1467","5.75"
"1468","0.51"
"1469","7.4"
"1470","5.24"
"1471","0.38"
"1472","1.46"
"1473","9.93"
"1474","9.65"
"1475","8.98"
"1476","5.53"
"1477","8.1"
"1478","1.18"
"1479","7.82"
"1480","1.08"
"1481","4.85"
"1482","0.17"
"1483","7.85"
"1484","4.39"
"1485","6.56"
"1486","4.55"
"1487","7.08"
"1488","7.53"
"1489","9.42"
"1490","9.97"
"1491","8.31"
"1492","3.54"
"1493","4.84"
"1494","8.92"
"1495","9.21"
"1496","7.37"
"1497","5.84"
"1498","5.06"
"1499","8.73"
"1500","8.27"
"1501","2.2"
"1502","9.62"
"1503","1.63"
"1504","4.63"
"1505","2.28"
"1506","0.47"
"1507","5.85"
"1508","3.09"
"1509","5.37"
"1510","4.95"
"1511","8.85"
"1512","1.99"
"1513","0.87"
"1514","0.77"
"1515","4.53"
"1516","2.21"
"1517","8.61"
"1518","1.16"
"1519","9.92"
"1520","3.67"
"1521","5.72"
"1522","5.02"
"1523","7.67"
"1524","1.79"
"1525","3.78"
"1526","5.3"
"1527","9.51"
"1528","2.98"
"1529","9.33"
"1530","5.67"
"1531","7.17"
"1532","9.24"
"1533","3.15"
"1534","0.44"
"1535","6.6"
"1536","9.94"
"1537","9.01"
"1538","1.2"
"1539","0.14"
"1540","7.62"
"1541","3.94"
"1542","9.27"
"1543","5.06"
"1544","1.99"
"1545","5.37"
"1546","4.31"
"1547","3.61"
"1548","6.61"
"1549","4.7"
"1550","7.28"
"1551","2.17"
"1552","5.14"
"1553","8.28"
"1554","0.36"
"1555","4.85"
"1556","4.83"
"1557","6.18"
"1558","8.51"
"1559","6.51"
"1560","5.76"
"1561","7.52"
"1562","7.59"
"1563","9.36"
"1564","7.55"
"1565","2.25"
"1566","0.66"
"1567","3.22"
"1568","5.32"
"1569","9.14"
"1570","2.81"
"1571","3.78"
"1572","0.46"
"1573","8.38"
"1574","8.7"
"1575","8.9"
"1576","2.2"
"1577","0.74"
"1578","9.47"
"1579","8.06"
"1580","2.29"
"1581","7.38"
"1582","9.16"
"1583","2.65"
"1584","3.2"
"1585","5.57"
"1586","5.07"
"1587","9.27"
"1588","1.79"
"1589","4.89"
"1590","4.74"
"1591","0.59"
"1592","3.57"
"1593","5.32"
"1594","5.38"
"1595","9.72"
"1596","3.15"
"1597","9.43"
"1598","5.58"
"1599","6.36"
"1600","6.54"
"1601","5.77"
"1602","5.78"
"1603","8.36"
"1604","8.85"
"1605","8.15"
"1606","6.81"
"1607","5.48"
"1608","2.99"
"1609","8.31"
"1610","1.61"
"1611","6.52"
"1612","8.69"
"1613","1.48"
"1614","8.42"
"1615","9.83"
"1616","0.83"
"1617","1.48"
"1618","3.98"
"1619","6.78"
"1620","6.57"
"1621","2.04"
"1622","0.26"
"1623","9.65"
"1624","5.0"
"1625","1.16"
"1626","7.0"
"1627","5.89"
"1628","8.71"
"1629","3.26"
"1630","1.91"
"1631","3.47"
"1632","4.85"
"1633","4.61"
"1634","2.29"
"1635","8.68"
"1636","7.67"
"1637","2.81"
"1638","9.84"
"1639","8.2"
"1640","8.55"
"1641","2.73"
"1642","2.91"
"1643","5.77"
"1644","0.22"
"1645","5.0"
"1646","1.02"
"1647","3.86"
"1648","2.29"
"1649","2.07"
"1650","7.26"
"1651","6.74"
"1652","2.98"
"1653","1.56"
"1654","6.42"
"1655","8.34"
"1656","9.12"
"1657","8.63"
"1658","4.5"
"1659","5.49"
"1660","6.41"
"1661","6.67"
"1662","1.99"
"1663","2.09"
"1664","2.59"
"1665","4.73"
"1666","9.78"
"1667","2.34"
"1668","2.77"
"1669","6.29"
"1670","8.56"
"1671","6.71"
"1672","0.42"
"1673","8.73"
"1674","5.23"
"1675","6.27"
"1676","1.23"
"1677","8.03"
"1678","6.71"
"1679","4.11"
"1680","8.17"
"1681","0.53"
"1682","8.98"
"1683","4.65"
"1684","0.07"
"1685","0.1"
"1686","8.26"
"1687","4.3"
"1688","9.51"
"1689","6.58"
"1690","4.29"
"1691","0.03"
"1692","9.44"
"1693","0.49"
"1694","5.39"
"1695","6.47"
"1696","9.53"
"1697","7.68"
"1698","5.65"
"1699","7.37"
"1700","2.07"
"1701","0.45"
"1702","4.79"
"1703","3.8"
"1704","3.43"
"1705","9.71"
"1706","5.79"
"1707","5.09"
"1708","3.37"
"1709","6.78"
"1710","3.9"
"1711","4.49"
"1712","6.14"
"1713","4.47"
"1714","8.58"
"1715","1.61"
"1716","7.0"
"1717","0.37"
"1718","0.7"
"1719","0.11"
"1720","3.38"
"1721","5.66"
"1722","5.97"
"1723","8.76"
"1724","9.73"
"1725","4.51"
"1726","3.26"
"1727","4.66"
"1728","2.73"
"1729","1.32"
"1730","1.76"
"1731","5.56"
"1732","6.63"
"1733","3.58"
"1734","8.38"
"1735","7.75"
"1736","5.83"
"1737","9.32"
"1738","5.23"
"1739","1.87"
"1740","3.87"
"1741","2.87"
"1742","8.02"
"1743","8.82"
"1744","0.98"
"1745","8.65"
"1746","5.22"
"1747","7.64"
"1748","5.09"
"1749","2.1"
"1750","6.29"
"1751","0.57"
"1752","0.92"
"1753","0.87"
"1754","6.21"
"1755","2.1"
"1756","1.85"
"1757","6.51"
"1758","4.52"
"1759","3.57"
"1760","9.76"
"1761","0.78"
"1762","0.1"
"1763","1.39"
"1764","9.7"
"1765","3.05"
"1766","8.52"
"1767","1.4"
"1768","9.33"
"1769","4.86"
"1770","7.26"
"1771","3.98"
"1772","0.86"
"1773","6.43"
"1774","2.24"
"1775","2.4"
"1776","1.27"
"1777","8.21"
"1778","4.32"
"1779","9.06"
"1780","6.2"
"1781","7.85"
"1782","3.07"
"1783","8.72"
"1784","7.63"
"1785","3.41"
"1786","2.66"
"1787","5.78"
"1788","8.4"
"1789","7.53"
"1790","7.18"
"1791","9.79"
"1792","1.05"
"1793","5.32"
"1794","0.21"
"1795","4.32"
"1796","6.77"
"1797","8.25"
"1798","1.87"
"1799","2.31"
"1800","4.22"
"1801","3.88"
"1802","0.62"
"1803","6.2"
"1804","6.41"
"1805","6.24"
"1806","7.51"
"1807","9.41"
"1808","2.77"
"1809","4.61"
"1810","2.9"
"1811","0.69"
"1812","2.16"
"1813","4.36"
"1814","2.59"
"1815","3.11"
"1816","4.4"
"1817","5.93"
"1818","0.04"
"1819","9.27"
"1820","3.83"
"1821","4.93"
"1822","1.51"
"1823","6.87"
"1824","2.37"
"1825","7.65"
"1826","9.96"
"1827","7.51"
"1828","0.58"
"1829","7.25"
"1830","8.29"
"1831","3.29"
"1832","3.45"
"1833","3.5"
"1834","8.48"
"1835","2.3"
"1836","0.94"
"1837","4.73"
"1838","4.78"
"1839","3.03"
"1840","8.42"
"1841","3.89"
"1842","6.79"
"1843","1.46"
"1844","2.59"
"1845","2.88"
"1846","6.67"
"1847","0.56"
"1848","9.13"
"1849","5.12"
"1850","2.78"
"1851","0.04"
"1852","6.34"
"1853","3.12"
"1854","8.46"
"1855","7.54"
"1856","8.06"
"1857","1.07"
"1858","0.63"
"1859","3.65"
"1860","6.73"
"1861","1.74"
"1862","8.7"
"1863","2.28"
"1864","1.85"
"1865","9.17"
"1866","7.97"
"1867","0.59"
"1868","3.94"
"1869","1.61"
"1870","4.04"
"1871","7.58"
"1872","3.9"
"1873","4.22"
"1874","2.91"
"1875","5.09"
"1876","6.44"
"1877","3.87"
"1878","7.26"
"1879","4.47"
"1880","5.4"
"1881","6.73"
"1882","9.45"
"1883","5.71"
"1884","8.72"
"1885","0.86"
"1886","2.98"
"1887","0.02"
"1888","7.98"
"1889","9.99"
"1890","9.74"
"1891","0.48"
"1892","4.35"
"1893","0.5"
"1894","7.1"
"1895","1.48"
"1896","1.65"
"1897","9.34"
"1898","5.09"
"1899","3.42"
"1900","1.14"
"1901","1.0"
"1902","9.34"
"1903","6.02"
"1904","2.27"
"1905","5.34"
"1906","3.33"
"1907","3.7"
"1908","4.58"
"1909","3.14"
"1910","6.88"
"1911","4.02"
"1912","1.78"
"1913","7.98"
"1914","3.79"
"1915","9.0"
"1916","2.93"
"1917","7.38"
"1918","9.49"
"1919","6.6"
"1920","4.34"
"1921","6.87"
"1922","3.64"
"1923","2.32"
"1924","6.76"
"1925","3.27"
"1926","4.13"
"1927","7.79"
"1928","5.19"
"1929","2.9"
"1930","9.46"
"1931","3.95"
"1932","5.33"
"1933","3.34"
"1934","6.94"
"1935","4.6"
"1936","3.26"
"1937","5.78"
"1938","7.11"
"1939","1.44"
"1940","9.17"
"1941","4.34"
"1942","7.12"
"1943","5.82"
"1944","5.21"
"1945","1.93"
"1946","1.73"
"1947","4.25"
"1948","0.33"
"1949","7.94"
"1950","4.63"
"1951","4.92"
"1952","9.22"
"1953","9.13"
"1954","2.11"
"1955","4.42"
"1956","9.25"
"1957","2.87"
"1958","7.1"
"1959","9.87"
"1960","9.63"
"1961","9.69"
"1962","6.77"
"1963","4.79"
"1964","8.92"
"1965","3.76"
"1966","3.68"
"1967","9.96"
"1968","5.1"
"1969","8.26"
"1970","9.0"
"1971","6.09"
"1972","3.27"
"1973","6.47"
"1974","4.2"
"1975","9.58"
"1976","6.05"
"1977","1.96"
"1978","1.55"
"1979","7.14"
"1980","1.98"
"1981","6.49"
"1982","4.13"
"1983","0.16"
"1984","6.82"
"1985","7.83"
"1986","4.32"
"1987","5.43"
"1988","4.02"
"1989","3.68"
"1990","6.14"
"1991","5.7"
"1992","7.02"
"1993","1.31"
"1994","3.38"
"1995","6.61"
"1996","1.63"
"1997","9.44"
"1998","2.44"
"1999","6.96"
"2000","8.69"
"2001","9.45"
"2002","1.67"
"2003","5.02"
"2004","2.48"
"2005","3.06"
"2006","9.11"
"2007","2.2"
"2008","4.03"
"2009","6.93"
"2010","2.33"
"2011","5.07"
"2012","1.43"
"2013","2.24"
"2014","8.86"
"2015","2.64"
"2016","0.51"
"2017","3.42"
"2018","1.49"
"2019","4.14"
"2020","9.11"
"2021","4.58"
"2022","6.29"
"2023","4.8"
"2024","4.61"
"2025","7.05"
"2026","9.53"
"2027","8.07"
"2028","0.46"
"2029","5.84"
"2030","7.49"
"2031","1.36"
"2032","8.7"
"2033","9.35"
"2034","3.14"
"2035","9.3"
"2036","7.46"
"2037","6.87"
"2038","0.93"
"2039","8.56"
"2040","8.7"
"2041","5.08"
"2042","8.51"
"2043","5.65"
"2044","1.7"
"2045","5.73"
"2046","5.61"
"2047","5.66"
"2048","6.11"
"2049","5.74"
"2050","4.5"
"2051","5.11"
"2052","8.61"
"2053","3.0"
"2054","0.14"
"2055","6.05"
"2056","5.15"
"2057","3.07"
"2058","5.67"
"2059","5.74"
"2060","8.98"
"2061","9.14"
"2062","5.51"
"2063","5.35"
"2064","3.63"
"2065","5.95"
"2066","8.87"
"2067","4.38"
"2068","8.66"
"2069","9.98"
"2070","8.27"
"2071","3.0"
"2072","0.55"
"2073","8.63"
"2074","1.06"
"2075","9.35"
"2076","9.72"
"2077","3.13"
"2078","5.69"
"2079","1.13"
"2080","5.8"
"2081","0.25"
"2082","2.35"
"2083","4.51"
"2084","7.61"
"2085","5.51"
"2086","6.36"
"2087","8.74"
"2088","4.94"
"2089","9.22"
"2090","5.93"
"2091","5.92"
"2092","1.42"
"2093","9.35"
"2094","0.87"
"2095","3.15"
"2096","9.79"
"2097","8.62"
"2098","4.47"
"2099","8.85"
"2100","8.69"
"2101","0.24"
"2102","4.22"
"2103","3.97"
"2104","8.32"
"2105","4.49"
"2106","3.2"
"2107","9.97"
"2108","5.54"
"2109","5.77"
"2110","6.6"
"2111","5.22"
"2112","6.05"
"2113","9.19"
"2114","9.73"
"2115","8.41"
"2116","7.06"
"2117","1.35"
"2118","8.66"
"2119","9.03"
"2120","7.99"
"2121","9.67"
"2122","5.23"
"2123","6.82"
"2124","7.72"
"2125","1.07"
"2126","9.79"
"2127","4.51"
"2128","0.92"
"2129","1.72"
"2130","1.79"
"2131","6.06"
"2132","2.18"
"2133","6.83"
"2134","4.81"
"2135","9.47"
"2136","1.22"
"2137","0.91"
"2138","7.84"
"2139","3.36"
"2140","0.71"
"2141","2.08"
"2142","1.99"
"2143","0.83"
"2144","7.19"
"2145","7.89"
"2146","9.88"
"2147","6.09"
"2148","5.93"
"2149","2.16"
"2150","9.83"
"2151","5.13"
"2152","7.47"
"2153","6.05"
"2154","8.98"
"2155","7.52"
"2156","5.06"
"2157","5.15"
"2158","4.56"
"2159","4.96"
"2160","6.05"
"2161","1.54"
"2162","9.18"
"2163","9.56"
"2164","3.96"
"2165","6.5"
"2166","8.9"
"2167","7.7"
"2168","7.94"
"2169","2.0"
"2170","3.12"
"2171","8.35"
"2172","7.88"
"2173","5.92"
"2174","6.17"
"2175","1.04"
"2176","5.71"
"2177","2.93"
"2178","9.6"
"2179","0.22"
"2180","1.28"
"2181","8.88"
"2182","4.79"
"2183","8.82"
"2184","8.1"
"2185","7.53"
"2186","5.09"
"2187","5.38"
"2188","9.26"
"2189","8.54"
"2190","3.41"
"2191","0.78"
"2192","5.25"
"2193","6.5"
"2194","6.0"
"2195","9.77"
"2196","3.3"
"2197","1.55"
"2198","4.83"
"2199","4.04"
"2200","3.29"
"2201","4.0"
"2202","1.7"
"2203","7.32"
"2204","9.37"
"2205","6.44"
"2206","8.7"
"2207","1.0"
"2208","5.29"
"2209","7.94"
"2210","7.47"
"2211","6.67"
"2212","7.87"
"2213","5.62"
"2214","2.89"
"2215","9.49"
"2216","9.85"
"2217","4.23"
"2218","2.22"
"2219","0.75"
"2220","2.79"
"2221","7.77"
"2222","1.4"
"2223","0.27"
"2224","9.37"
"2225","5.46"
"2226","9.62"
"2227","0.89"
"2228","2.85"
"2229","9.53"
"2230","8.62"
"2231","6.76"
"2232","6.34"
"2233","1.78"
"2234","4.55"
"2235","4.67"
"2236","1.28"
"2237","0.75"
"2238","2.38"
"2239","6.67"
"2240","6.05"
"2241","3.75"
"2242","4.27"
"2243","0.85"
"2244","7.76"
"2245","4.08"
"2246","7.12"
"2247","4.97"
"2248","8.12"
"2249","6.77"
"2250","7.05"
"2251","7.74"
"2252","2.54"
"2253","1.24"
"2254","9.3"
"2255","7.01"
"2256","2.83"
"2257","9.8"
"2258","3.2"
"2259","9.85"
"2260","3.67"
"2261","4.84"
"2262","2.97"
"2263","2.17"
"2264","7.97"
"2265","9.28"
"2266","8.73"
"2267","5.72"
"2268","1.6"
"2269","5.72"
"2270","5.81"
"2271","4.26"
"2272","1.48"
"2273","5.43"
"2274","0.03"
"2275","7.58"
"2276","5.17"
"2277","3.24"
"2278","5.59"
"2279","0.2"
"2280","6.39"
"2281","5.87"
"2282","1.58"
"2283","3.0"
"2284","1.67"
"2285","0.12"
"2286","6.44"
"2287","6.66"
"2288","7.11"
"2289","6.78"
"2290","1.69"
"2291","5.36"
"2292","4.15"
"2293","2.64"
"2294","1.08"
"2295","5.09"
"2296","4.91"
"2297","2.35"
"2298","3.44"
"2299","5.84"
"2300","8.21"
"2301","6.51"
"2302","7.95"
"2303","1.77"
"2304","8.72"
"2305","3.8"
"2306","6.64"
"2307","2.08"
"2308","9.22"
"2309","1.1"
"2310","0.98"
"2311","5.2"
"2312","9.96"
"2313","9.63"
"2314","9.0"
"2315","4.74"
"2316","9.52"
"2317","0.75"
"2318","6.62"
"2319","0.73"
"2320","5.09"
"2321","2.95"
"2322","0.45"
"2323","4.99"
"2324","4.01"
"2325","0.12"
"2326","5.5"
"2327","2.5"
"2328","6.64"
"2329","3.47"
"2330","4.16"
"2331","1.57"
"2332","4.11"
"2333","1.97"
"2334","0.83"
"2335","4.04"
"2336","7.71"
"2337","7.35"
"2338","3.85"
"2339","6.75"
"2340","2.52"
"2341","1.79"
"2342","3.95"
"2343","0.14"
"2344","9.09"
"2345","9.42"
"2346","1.35"
"2347","7.75"
"2348","0.16"
"2349","0.27"
"2350","4.61"
"2351","7.37"
"2352","2.03"
"2353","6.45"
"2354","0.79"
"2355","8.89"
"2356","0.68"
"2357","4.77"
"2358","4.61"
"2359","6.24"
"2360","4.79"
"2361","4.35"
"2362","5.64"
"2363","7.7"
"2364","7.08"
"2365","8.25"
"2366","2.84"
"2367","8.68"
"2368","8.39"
"2369","4.49"
"2370","9.66"
"2371","5.39"
"2372","1.71"
"2373","1.95"
"2374","3.83"
"2375","0.92"
"2376","8.56"
"2377","2.45"
"2378","2.6"
"2379","3.45"
"2380","2.93"
"2381","8.18"
"2382","9.6"
"2383","9.55"
"2384","2.58"
"2385","6.88"
"2386","9.66"
"2387","0.12"
"2388","9.22"
"2389","0.29"
"2390","9.72"
"2391","3.83"
"2392","8.87"
"2393","4.91"
"2394","7.28"
"2395","1.26"
"2396","7.81"
"2397","9.33"
"2398","7.69"
"2399","1.18"
"2400","8.35"
"2401","0.81"
"2402","2.24"
"2403","4.29"
"2404","1.53"
"2405","5.8"
"2406","7.64"
"2407","6.73"
"2408","5.85"
"2409","2.51"
"2410","5.02"
"2411","9.24"
"2412","1.25"
"2413","9.17"
"2414","0.87"
"2415","1.06"
"2416","7.08"
"2417","4.86"
"2418","2.28"
"2419","7.64"
"2420","8.83"
"2421","2.22"
"2422","2.17"
"2423","6.59"
"2424","1.73"
"2425","4.2"
"2426","8.17"
"2427","5.49"
"2428","7.5"
"2429","8.3"
"2430","2.42"
"2431","1.99"
"2432","6.03"
"2433","1.04"
"2434","2.37"
"2435","6.87"
"2436","4.58"
"2437","5.27"
"2438","3.98"
"2439","4.99"
"2440","3.64"
"2441","3.01"
"2442","3.23"
"2443","8.22"
"2444","9.29"
"2445","8.65"
"2446","3.89"
"2447","5.63"
"2448","7.78"
"2449","0.44"
"2450","9.38"
"2451","5.21"
"2452","2.13"
"2453","9.18"
"2454","6.19"
"2455","2.28"
"2456","9.56"
"2457","0.55"
"2458","8.86"
"2459","8.53"
"2460","0.89"
"2461","2.36"
"2462","5.88"
"2463","7.15"
"2464","8.02"
"2465","3.86"
"2466","2.95"
"2467","2.63"
"2468","6.92"
"2469","2.05"
"2470","5.35"
"2471","0.74"
"2472","5.81"
"2473","4.78"
"2474","0.04"
"2475","1.77"
"2476","8.01"
"2477","9.19"
"2478","3.44"
"2479","9.18"
"2480","4.22"
"2481","5.61"
"2482","0.25"
"2483","1.0"
"2484","8.15"
"2485","4.51"
"2486","6.86"
"2487","3.21"
"2488","5.7"
"2489","1.21"
"2490","8.08"
"2491","3.22"
"2492","4.51"
"2493","5.31"
"2494","5.64"
"2495","4.93"
"2496","8.95"
"2497","4.91"
"2498","7.59"
"2499","9.96"
"2500","3.09"
"2501","5.33"
"2502","3.69"
"2503","8.7"
"2504","3.45"
"2505","2.07"
"2506","2.79"
"2507","4.01"
"2508","0.1"
"2509","4.34"
"2510","9.09"
"2511","9.71"
"2512","9.04"
"2513","2.17"
"2514","3.46"
"2515","1.21"
"2516","8.6"
"2517","7.69"
"2518","9.94"
"2519","2.86"
"2520","4.54"
"2521","3.44"
"2522","5.04"
"2523","2.15"
"2524","7.57"
"2525","9.53"
"2526","0.87"
"2527","6.02"
"2528","6.2"
"2529","8.73"
"2530","7.37"
"2531","5.55"
"2532","0.01"
"2533","0.41"
"2534","3.86"
"2535","2.88"
"2536","6.55"
"2537","4.84"
"2538","7.53"
"2539","2.47"
"2540","5.99"
"2541","5.2"
"2542","6.14"
"2543","5.65"
"2544","2.55"
"2545","8.32"
"2546","9.92"
"2547","7.96"
"2548","4.72"
"2549","2.26"
"2550","2.75"
"2551","6.86"
"2552","0.51"
"2553","8.09"
"2554","1.2"
"2555","3.86"
"2556","6.87"
"2557","2.66"
"2558","4.56"
"2559","7.42"
"2560","2.53"
"2561","8.71"
"2562","2.66"
"2563","0.53"
"2564","9.6"
"2565","8.76"
"2566","0.5"
"2567","9.27"
"2568","2.23"
"2569","1.47"
"2570","8.97"
"2571","9.18"
"2572","4.01"
"2573","0.56"
"2574","9.38"
"2575","4.04"
"2576","5.73"
"2577","8.06"
"2578","9.76"
"2579","0.9"
"2580","0.67"
"2581","4.01"
"2582","3.79"
"2583","1.94"
"2584","7.94"
"2585","9.64"
"2586","3.97"
"2587","9.96"
"2588","7.21"
"2589","2.74"
"2590","4.88"
"2591","9.78"
"2592","5.43"
"2593","2.89"
"2594","5.29"
"2595","8.22"
"2596","6.99"
"2597","3.53"
"2598","8.93"
"2599","2.01"
"2600","1.01"
"2601","2.2"
"2602","2.5"
"2603","7.33"
"2604","3.41"
"2605","5.37"
"2606","9.56"
"2607","4.93"
"2608","2.89"
"2609","4.31"
"2610","6.52"
"2611","2.3"
"2612","5.11"
"2613","8.11"
"2614","8.48"
"2615","9.01"
"2616","2.21"
"2617","1.92"
"2618","5.18"
"2619","5.57"
"2620","0.19"
"2621","4.57"
"2622","9.24"
"2623","6.08"
"2624","6.25"
"2625","0.26"
"2626","6.25"
"2627","2.89"
"2628","8.84"
"2629","8.97"
"2630","9.37"
"2631","0.33"
"2632","2.4"
"2633","2.66"
"2634","8.2"
"2635","4.56"
"2636","9.15"
"2637","4.83"
"2638","6.2"
"2639","8.39"
"2640","7.72"
"2641","4.36"
"2642","6.92"
"2643","1.37"
"2644","3.07"
"2645","4.68"
"2646","6.9"
"2647","2.53"
"2648","8.47"
"2649","4.15"
"2650","1.07"
"2651","3.58"
"2652","0.65"
"2653","7.22"
"2654","3.24"
"2655","5.38"
"2656","9.06"
"2657","2.64"
"2658","1.95"
"2659","8.04"
"2660","4.8"
"2661","5.31"
"2662","5.95"
"2663","2.87"
"2664","1.24"
"2665","1.73"
"2666","6.49"
"2667","2.23"
"2668","0.28"
"2669","5.03"
"2670","7.47"
"2671","0.42"
"2672","0.42"
"2673","7.9"
"2674","9.53"
"2675","3.38"
"2676","6.72"
"2677","6.28"
"2678","4.35"
"2679","3.79"
"2680","9.82"
"2681","1.46"
"2682","4.83"
"2683","5.39"
"2684","0.23"
"2685","7.56"
"2686","0.54"
"2687","8.83"
"2688","6.75"
"2689","4.68"
"2690","4.13"
"2691","8.12"
"2692","1.89"
"2693","2.08"
"2694","3.67"
"2695","8.71"
"2696","7.01"
"2697","8.95"
"2698","5.81"
"2699","4.06"
"2700","8.36"
"2701","8.9"
"2702","4.01"
"2703","6.32"
"2704","4.37"
"2705","9.24"
"2706","9.04"
"2707","7.91"
"2708","1.21"
"2709","1.7"
"2710","6.89"
"2711","1.12"
"2712","0.54"
"2713","4.62"
"2714","9.3"
"2715","4.02"
"2716","6.44"
"2717","1.51"
"2718","1.93"
"2719","7.81"
"2720","8.71"
"2721","2.26"
"2722","6.47"
"2723","9.16"
"2724","6.28"
"2725","8.56"
"2726","1.23"
"2727","6.75"
"2728","6.07"
"2729","5.75"
"2730","1.08"
"2731","5.63"
"2732","9.8"
"2733","7.13"
"2734","9.61"
"2735","8.68"
"2736","7.49"
"2737","0.62"
"2738","6.52"
"2739","7.61"
"2740","5.83"
"2741","6.27"
"2742","9.73"
"2743","9.66"
"2744","7.94"
"2745","3.08"
"2746","7.6"
"2747","7.65"
"2748","2.85"
"2749","7.11"
"2750","7.6"
"2751","8.48"
"2752","3.71"
"2753","3.8"
"2754","9.57"
"2755","8.79"
"2756","3.58"
"2757","3.41"
"2758","1.93"
"2759","5.65"
"2760","8.01"
"2761","7.18"
"2762","3.43"
"2763","2.22"
"2764","4.35"
"2765","2.0"
"2766","0.03"
"2767","6.5"
"2768","7.33"
"2769","4.33"
"2770","2.36"
"2771","6.57"
"2772","9.13"
"2773","4.62"
"2774","8.69"
"2775","2.05"
"2776","8.24"
"2777","7.5"
"2778","0.44"
"2779","8.43"
"2780","7.07"
"2781","1.74"
"2782","9.74"
"2783","4.15"
"2784","6.23"
"2785","2.13"
"2786","4.9"
"2787","1.51"
"2788","3.12"
"2789","1.07"
"2790","1.27"
"2791","8.86"
"2792","1.42"
"2793","2.27"
"2794","6.04"
"2795","9.94"
"2796","4.83"
"2797","5.96"
"2798","5.66"
"2799","6.44"
"2800","0.76"
"2801","7.22"
"2802","8.38"
"2803","9.34"
"2804","5.12"
"2805","1.61"
"2806","8.5"
"2807","5.81"
"2808","2.43"
"2809","9.26"
"2810","4.54"
"2811","2.44"
"2812","0.16"
"2813","2.35"
"2814","2.92"
"2815","5.36"
"2816","4.98"
"2817","2.91"
"2818","3.37"
"2819","2.31"
"2820","7.06"
"2821","7.45"
"2822","8.78"
"2823","9.66"
"2824","8.22"
"2825","9.47"
"2826","0.16"
"2827","4.49"
"2828","3.94"
"2829","0.55"
"2830","1.08"
"2831","0.72"
"2832","4.81"
"2833","0.67"
"2834","7.11"
"2835","0.95"
"2836","7.76"
"2837","3.31"
"2838","1.67"
"2839","0.81"
"2840","5.16"
"2841","1.47"
"2842","4.26"
"2843","5.05"
"2844","1.1"
"2845","4.99"
"2846","7.93"
"2847","6.6"
"2848","0.32"
"2849","6.71"
"2850","3.31"
"2851","5.17"
"2852","9.01"
"2853","9.53"
"2854","8.39"
"2855","4.58"
"2856","0.97"
"2857","0.65"
"2858","1.45"
"2859","5.48"
"2860","1.18"
"2861","6.7"
"2862","5.25"
"2863","2.24"
"2864","8.89"
"2865","3.62"
"2866","7.59"
"2867","6.44"
"2868","4.46"
"2869","4.44"
"2870","3.48"
"2871","9.73"
"2872","4.29"
"2873","6.18"
"2874","0.69"
"2875","7.89"
"2876","4.26"
"2877","1.53"
"2878","0.25"
"2879","6.21"
"2880","4.31"
"2881","6.28"
"2882","9.24"
"2883","9.7"
"2884","7.88"
"2885","5.93"
"2886","0.03"
"2887","0.04"
"2888","1.72"
"2889","2.93"
"2890","5.59"
"2891","4.26"
"2892","4.27"
"2893","8.97"
"2894","3.29"
"2895","5.36"
"2896","9.65"
"2897","5.45"
"2898","8.34"
"2899","3.67"
"2900","6.46"
"2901","4.51"
"2902","3.35"
"2903","7.17"
"2904","2.27"
"2905","0.23"
"2906","9.72"
"2907","4.58"
"2908","9.67"
"2909","4.77"
"2910","3.49"
"2911","8.25"
"2912","2.82"
"2913","8.51"
"2914","3.14"
"2915","9.45"
"2916","3.54"
"2917","1.44"
"2918","6.06"
"2919","8.38"
"2920","3.75"
"2921","4.82"
"2922","2.43"
"2923","1.44"
"2924","8.01"
"2925","8.03"
"2926","5.44"
"2927","4.79"
"2928","3.31"
"2929","1.68"
"2930","4.06"
"2931","8.33"
"2932","6.43"
"2933","4.31"
"2934","0.62"
"2935","2.52"
"2936","9.19"
"2937","3.66"
"2938","3.08"
"2939","1.5"
"2940","6.83"
"2941","6.72"
"2942","1.28"
"2943","4.21"
"2944","7.25"
"2945","3.76"
"2946","8.06"
"2947","8.19"
"2948","4.62"
"2949","8.22"
"2950","1.3"
"2951","7.27"
"2952","3.48"
"2953","9.73"
"2954","0.84"
"2955","7.76"
"2956","5.82"
"2957","6.65"
"2958","8.74"
"2959","7.4"
"2960","3.63"
"2961","7.05"
"2962","9.86"
"2963","8.44"
"2964","7.02"
"2965","4.05"
"2966","4.42"
"2967","5.14"
"2968","5.65"
"2969","2.11"
"2970","2.77"
"2971","2.43"
"2972","1.02"
"2973","6.61"
"2974","7.9"
"2975","2.77"
"2976","5.55"
"2977","9.25"
"2978","1.27"
"2979","2.88"
"2980","6.82"
"2981","3.82"
"2982","9.93"
"2983","0.0"
"2984","8.36"
"2985","0.74"
"2986","1.77"
"2987","7.76"
"2988","6.59"
"2989","5.5"
"2990","8.5"
"2991","6.32"
"2992","6.13"
"2993","3.4"
"2994","1.97"
"2995","3.56"
"2996","2.21"
"2997","5.64"
"2998","2.48"
"2999","9.38"
"3000","7.46"
"3001","7.86"
"3002","4.33"
"3003","9.86"
"3004","6.19"
"3005","8.23"
"3006","8.43"
"3007","0.75"
"3008","3.83"
"3009","0.96"
"3010","9.26"
"3011","5.03"
"3012","5.94"
"3013","0.28"
"3014","5.88"
"3015","7.54"
"3016","5.02"
"3017","6.67"
"3018","6.31"
"3019","6.2"
"3020","3.13"
"3021","9.34"
"3022","8.68"
"3023","2.72"
"3024","8.81"
"3025","7.19"
"3026","0.53"
"3027","5.11"
"3028","5.62"
"3029","3.32"
"3030","3.14"
"3031","3.28"
"3032","0.1"
"3033","4.78"
"3034","0.87"
"3035","7.64"
"3036","3.96"
"3037","9.86"
"3038","2.91"
"3039","1.8"
"3040","5.8"
"3041","2.21"
"3042","6.22"
"3043","5.73"
"3044","6.15"
"3045","7.83"
"3046","2.13"
"3047","2.62"
"3048","6.41"
"3049","3.87"
"3050","0.81"
"3051","0.85"
"3052","7.41"
"3053","0.01"
"3054","9.03"
"3055","0.87"
"3056","8.11"
"3057","0.91"
"3058","8.18"
"3059","8.9"
"3060","7.26"
"3061","9.59"
"3062","7.04"
"3063","6.07"
"3064","9.92"
"3065","4.81"
"3066","6.84"
"3067","3.51"
"3068","2.56"
"3069","7.85"
"3070","4.56"
"3071","4.6"
"3072","6.18"
"3073","4.37"
"3074","9.48"
"3075","0.95"
"3076","5.18"
"3077","2.03"
"3078","5.88"
"3079","1.62"
"3080","6.8"
"3081","5.48"
"3082","9.87"
"3083","0.8"
"3084","0.96"
"3085","4.67"
"3086","6.38"
"3087","2.42"
"3088","0.94"
"3089","9.45"
"3090","2.11"
"3091","7.59"
"3092","6.47"
"3093","6.34"
"3094","2.71"
"3095","4.62"
"3096","9.0"
"3097","6.07"
"3098","4.88"
"3099","6.92"
"3100","9.54"
"3101","6.27"
"3102","9.77"
"3103","1.83"
"3104","9.07"
"3105","3.3"
"3106","8.18"
"3107","1.75"
"3108","2.88"
"3109","3.86"
"3110","5.86"
"3111","2.09"
"3112","7.92"
"3113","8.28"
"3114","4.91"
"3115","9.92"
"3116","2.86"
"3117","7.98"
"3118","4.65"
"3119","8.26"
"3120","6.82"
"3121","7.93"
"3122","9.13"
"3123","7.34"
"3124","8.55"
"3125","9.39"
"3126","1.97"
"3127","3.12"
"3128","3.71"
"3129","4.15"
"3130","3.19"
"3131","1.18"
"3132","9.77"
"3133","5.06"
"3134","2.04"
"3135","5.25"
"3136","7.45"
"3137","5.71"
"3138","3.25"
"3139","5.7"
"3140","9.3"
"3141","5.69"
"3142","3.52"
"3143","6.26"
"3144","5.65"
"3145","8.78"
"3146","7.19"
"3147","9.93"
"3148","2.38"
"3149","8.45"
"3150","9.49"
"3151","6.22"
"3152","7.94"
"3153","2.14"
"3154","9.88"
"3155","6.3"
"3156","2.18"
"3157","1.76"
"3158","4.04"
"3159","6.42"
"3160","9.2"
"3161","3.85"
"3162","0.15"
"3163","0.43"
"3164","2.05"
"3165","3.71"
"3166","7.62"
"3167","1.92"
"3168","1.47"
"3169","6.43"
"3170","6.15"
"3171","7.05"
"3172","1.74"
"3173","2.02"
"3174","5.02"
"3175","9.58"
"3176","4.76"
"3177","4.89"
"3178","0.48"
"3179","3.52"
"3180","4.59"
"3181","5.58"
"3182","0.36"
"3183","2.51"
"3184","2.01"
"3185","3.5"
"3186","9.58"
"3187","4.92"
"3188","0.36"
"3189","3.5"
"3190","3.93"
"3191","3.84"
"3192","6.18"
"3193","0.97"
"3194","6.93"
"3195","7.75"
"3196","4.27"
"3197","5.39"
"3198","5.85"
"3199","4.36"
"3200","2.4"
"3201","7.51"
"3202","8.46"
"3203","2.91"
"3204","8.15"
"3205","3.84"
"3206","2.25"
"3207","5.04"
"3208","9.93"
"3209","2.03"
"3210","3.43"
"3211","2.15"
"3212","0.26"
"3213","4.27"
"3214","2.59"
"3215","1.06"
"3216","5.43"
"3217","1.7"
"3218","2.99"
"3219","5.05"
"3220","4.81"
"3221","7.63"
"3222","4.05"
"3223","0.63"
"3224","6.39"
"3225","1.99"
"3226","2.02"
"3227","1.56"
"3228","1.49"
"3229","9.63"
"3230","0.28"
"3231","8.55"
"3232","6.29"
"3233","5.49"
"3234","9.22"
"3235","5.38"
"3236","4.74"
"3237","2.44"
"3238","6.69"
"3239","9.73"
"3240","6.06"
"3241","3.78"
"3242","2.19"
"3243","5.53"
"3244","3.66"
"3245","0.44"
"3246","1.06"
"3247","6.3"
"3248","2.06"
"3249","2.32"
"3250","7.63"
"3251","1.88"
"3252","8.4"
"3253","2.72"
"3254","2.97"
"3255","9.22"
"3256","0.57"
"3257","9.82"
"3258","5.29"
"3259","5.94"
"3260","1.3"
"3261","1.5"
"3262","4.21"
"3263","2.32"
"3264","3.14"
"3265","0.9"
"3266","1.36"
"3267","2.88"
"3268","5.76"
"3269","5.99"
"3270","5.48"
"3271","4.69"
"3272","7.57"
"3273","8.83"
"3274","1.2"
"3275","4.87"
"3276","4.9"
"3277","2.51"
"3278","9.39"
"3279","4.54"
"3280","2.61"
"3281","6.14"
"3282","6.91"
"3283","7.92"
"3284","3.79"
"3285","5.18"
"3286","4.83"
"3287","3.01"
"3288","5.0"
"3289","4.9"
"3290","6.77"
"3291","1.97"
"3292","2.66"
"3293","3.63"
"3294","1.7"
"3295","9.71"
"3296","7.5"
"3297","2.39"
"3298","8.22"
"3299","1.24"
"3300","3.58"
"3301","2.6"
"3302","6.2"
"3303","1.79"
"3304","4.38"
"3305","6.41"
"3306","3.91"
"3307","6.78"
"3308","0.3"
"3309","0.14"
"3310","2.04"
"3311","8.38"
"3312","7.88"
"3313","7.97"
"3314","6.77"
"3315","2.82"
"3316","3.78"
"3317","5.56"
"3318","7.62"
"3319","2.63"
"3320","1.4"
"3321","2.28"
"3322","4.2"
"3323","2.45"
"3324","4.8"
"3325","6.58"
"3326","1.68"
"3327","5.06"
"3328","8.3"
"3329","5.49"
"3330","5.74"
"3331","3.53"
"3332","3.22"
"3333","1.6"